{
    "FID_reference/dog2cat": 21.581627628320216,
    "FID_reference/wild2cat": 19.997809320373406,
    "FID_reference/cat2dog": 88.25602389678583,
    "FID_reference/wild2dog": 75.11770940697424,
    "FID_reference/cat2wild": 43.61192355205162,
    "FID_reference/dog2wild": 43.09789539822538,
    "FID_reference/mean": 48.61049820045512
}