{
    "FID_reference/dog2cat": 296.1645640156902,
    "FID_reference/wild2cat": 291.94778102655243,
    "FID_reference/cat2dog": 287.12958254299537,
    "FID_reference/wild2dog": 282.7262022411619,
    "FID_reference/cat2wild": 296.4004102142409,
    "FID_reference/dog2wild": 295.1771843814105,
    "FID_reference/mean": 291.59095407034187
}