{
    "FID_reference/dog2cat": 19.67386304720836,
    "FID_reference/wild2cat": 19.052884812874268,
    "FID_reference/cat2dog": 82.9040830527793,
    "FID_reference/wild2dog": 69.55240702813859,
    "FID_reference/cat2wild": 30.078754258847283,
    "FID_reference/dog2wild": 34.92965614723301,
    "FID_reference/mean": 42.698608057846805
}