{
    "FID_reference/dog2cat": 29.648776299652507,
    "FID_reference/wild2cat": 26.221215712166796,
    "FID_reference/cat2dog": 103.52923325699993,
    "FID_reference/wild2dog": 87.12695048864335,
    "FID_reference/cat2wild": 61.59656856671414,
    "FID_reference/dog2wild": 57.62193199337051,
    "FID_reference/mean": 60.95744605292454
}