{
    "FID_reference/dog2cat": 20.117928601820953,
    "FID_reference/wild2cat": 18.969917013973646,
    "FID_reference/cat2dog": 82.42391195828301,
    "FID_reference/wild2dog": 70.27769078372435,
    "FID_reference/cat2wild": 34.869097341823746,
    "FID_reference/dog2wild": 36.23206945534639,
    "FID_reference/mean": 43.81510252582868
}