{
    "FID_reference/dog2cat": 18.618485580378593,
    "FID_reference/wild2cat": 19.019348836150495,
    "FID_reference/cat2dog": 82.3477948169076,
    "FID_reference/wild2dog": 68.24380621140683,
    "FID_reference/cat2wild": 26.632137996920616,
    "FID_reference/dog2wild": 28.967722497406726,
    "FID_reference/mean": 40.63821598986181
}