{
    "FID_reference/dog2cat": 18.986495955858842,
    "FID_reference/wild2cat": 18.660592928525684,
    "FID_reference/cat2dog": 81.9802530039473,
    "FID_reference/wild2dog": 69.28092063421511,
    "FID_reference/cat2wild": 27.854051659314287,
    "FID_reference/dog2wild": 32.54748448799723,
    "FID_reference/mean": 41.551633111643085
}