{
    "FID_reference/dog2cat": 18.572105374545608,
    "FID_reference/wild2cat": 18.55877228305635,
    "FID_reference/cat2dog": 81.66246552865584,
    "FID_reference/wild2dog": 68.47664720317802,
    "FID_reference/cat2wild": 26.467656463869087,
    "FID_reference/dog2wild": 28.956758869549734,
    "FID_reference/mean": 40.44906762047577
}