{
    "FID_reference/dog2cat": 18.575843265119893,
    "FID_reference/wild2cat": 18.905247271272493,
    "FID_reference/cat2dog": 83.481803534916,
    "FID_reference/wild2dog": 69.30495467433201,
    "FID_reference/cat2wild": 26.449986450381946,
    "FID_reference/dog2wild": 29.114399239789524,
    "FID_reference/mean": 40.97203907263531
}