{
    "FID_reference/dog2cat": 36.70113535416479,
    "FID_reference/wild2cat": 31.332280690333253,
    "FID_reference/cat2dog": 118.59667824103994,
    "FID_reference/wild2dog": 113.08148229953356,
    "FID_reference/cat2wild": 75.88006028267235,
    "FID_reference/dog2wild": 71.52718128310602,
    "FID_reference/mean": 74.51980302514164
}