{
    "FID_reference/dog2cat": 22.441413486228942,
    "FID_reference/wild2cat": 20.37072027433149,
    "FID_reference/cat2dog": 95.60464846031476,
    "FID_reference/wild2dog": 78.94228408862634,
    "FID_reference/cat2wild": 54.60090650726067,
    "FID_reference/dog2wild": 49.05199138645186,
    "FID_reference/mean": 53.50199403386902
}