{
    "FID_reference/dog2cat": 54.34368948143123,
    "FID_reference/wild2cat": 42.99631854413886,
    "FID_reference/cat2dog": 136.72506934520095,
    "FID_reference/wild2dog": 138.56230261173127,
    "FID_reference/cat2wild": 87.7145112785969,
    "FID_reference/dog2wild": 86.44033783130303,
    "FID_reference/mean": 91.13037151540037
}