{
    "FID_reference/dog2cat": 18.563410503475932,
    "FID_reference/wild2cat": 18.615307626112866,
    "FID_reference/cat2dog": 80.68661937965896,
    "FID_reference/wild2dog": 66.10863955161378,
    "FID_reference/cat2wild": 27.4640488394305,
    "FID_reference/dog2wild": 29.76828487772514,
    "FID_reference/mean": 40.201051796336195
}