{
    "FID_reference/dog2cat": 17.15450141685308,
    "FID_reference/wild2cat": 17.513116952573853,
    "FID_reference/cat2dog": 77.50444379022241,
    "FID_reference/wild2dog": 65.1641815404866,
    "FID_reference/cat2wild": 25.502151634136283,
    "FID_reference/dog2wild": 29.635734604320277,
    "FID_reference/mean": 38.74568832309875
}