{
    "FID_reference/dog2cat": 19.351684889053097,
    "FID_reference/wild2cat": 18.646744736539162,
    "FID_reference/cat2dog": 81.23063154803882,
    "FID_reference/wild2dog": 67.85031958708771,
    "FID_reference/cat2wild": 30.268427531433133,
    "FID_reference/dog2wild": 34.25101384108115,
    "FID_reference/mean": 41.933137022205514
}