{
    "FID_reference/dog2cat": 20.102889525031642,
    "FID_reference/wild2cat": 19.419288654779937,
    "FID_reference/cat2dog": 87.76318745934348,
    "FID_reference/wild2dog": 74.20129457546898,
    "FID_reference/cat2wild": 38.27520848771013,
    "FID_reference/dog2wild": 37.944146397941694,
    "FID_reference/mean": 46.284335850045984
}