{
    "FID_reference/dog2cat": 16.852558585005696,
    "FID_reference/wild2cat": 17.86168806107489,
    "FID_reference/cat2dog": 78.31771941674003,
    "FID_reference/wild2dog": 66.23630931586149,
    "FID_reference/cat2wild": 24.672506345587202,
    "FID_reference/dog2wild": 28.7764269088272,
    "FID_reference/mean": 38.786201438849425
}