{
    "FID_reference/dog2cat": 28.06305019593338,
    "FID_reference/wild2cat": 25.41699821701054,
    "FID_reference/cat2dog": 103.35680815027132,
    "FID_reference/wild2dog": 86.55636967445619,
    "FID_reference/cat2wild": 61.7947597716014,
    "FID_reference/dog2wild": 55.4766903739461,
    "FID_reference/mean": 60.11077939720315
}