{
    "FID_reference/dog2cat": 18.629593176774495,
    "FID_reference/wild2cat": 18.37956801576192,
    "FID_reference/cat2dog": 81.69859853311189,
    "FID_reference/wild2dog": 67.1906821070547,
    "FID_reference/cat2wild": 26.485413581459127,
    "FID_reference/dog2wild": 29.897421014563434,
    "FID_reference/mean": 40.38021273812093
}