{
    "FID_reference/dog2cat": 19.099454911655645,
    "FID_reference/wild2cat": 18.650976189659993,
    "FID_reference/cat2dog": 82.29113638695523,
    "FID_reference/wild2dog": 68.64038294987026,
    "FID_reference/cat2wild": 27.813262031052474,
    "FID_reference/dog2wild": 31.919839621074473,
    "FID_reference/mean": 41.40250868171134
}