{
    "FID_reference/dog2cat": 24.597109042567496,
    "FID_reference/wild2cat": 23.458757417202015,
    "FID_reference/cat2dog": 98.02085464097777,
    "FID_reference/wild2dog": 82.69296575225997,
    "FID_reference/cat2wild": 61.21793238298095,
    "FID_reference/dog2wild": 52.271286919001014,
    "FID_reference/mean": 57.04315102583154
}