{
    "FID_reference/dog2cat": 68.7058517888761,
    "FID_reference/wild2cat": 53.81618074089388,
    "FID_reference/cat2dog": 154.45786043071672,
    "FID_reference/wild2dog": 158.8470891219084,
    "FID_reference/cat2wild": 90.2529534526323,
    "FID_reference/dog2wild": 92.75039936416258,
    "FID_reference/mean": 103.13838914986499
}