{
    "FID_reference/dog2cat": 33.574484569562095,
    "FID_reference/wild2cat": 29.194161291102795,
    "FID_reference/cat2dog": 114.59052973327044,
    "FID_reference/wild2dog": 100.89564400320228,
    "FID_reference/cat2wild": 67.89403587618497,
    "FID_reference/dog2wild": 68.28582405652219,
    "FID_reference/mean": 69.07244658830746
}