{
    "FID_reference/dog2cat": 25.114997434272226,
    "FID_reference/wild2cat": 24.06232656799036,
    "FID_reference/cat2dog": 98.31945965819442,
    "FID_reference/wild2dog": 82.89222380211531,
    "FID_reference/cat2wild": 61.533656725104294,
    "FID_reference/dog2wild": 52.52993704171219,
    "FID_reference/mean": 57.408766871564794
}