{
    "FID_reference/dog2cat": 18.69595508403316,
    "FID_reference/wild2cat": 18.601511158759592,
    "FID_reference/cat2dog": 82.09869030516569,
    "FID_reference/wild2dog": 66.86812456547116,
    "FID_reference/cat2wild": 27.759051601722508,
    "FID_reference/dog2wild": 30.479974688196652,
    "FID_reference/mean": 40.75055123389146
}