{
    "FID_reference/dog2cat": 23.20180738556926,
    "FID_reference/wild2cat": 20.879850676107573,
    "FID_reference/cat2dog": 98.59730028427079,
    "FID_reference/wild2dog": 82.49131121041239,
    "FID_reference/cat2wild": 59.447890355249356,
    "FID_reference/dog2wild": 52.37000878792182,
    "FID_reference/mean": 56.16469478325519
}