{
    "FID_reference/dog2cat": 345.2848818373802,
    "FID_reference/wild2cat": 342.78859467460904,
    "FID_reference/cat2dog": 322.87638144204544,
    "FID_reference/wild2dog": 324.1192792909429,
    "FID_reference/cat2wild": 309.2490901301049,
    "FID_reference/dog2wild": 311.9923514339036,
    "FID_reference/mean": 326.051763134831
}