{
    "FID_reference/dog2cat": 16.979844756056345,
    "FID_reference/wild2cat": 17.848568571036175,
    "FID_reference/cat2dog": 78.48356038263876,
    "FID_reference/wild2dog": 66.48230206218847,
    "FID_reference/cat2wild": 24.424484095065694,
    "FID_reference/dog2wild": 29.250967149889345,
    "FID_reference/mean": 38.91162116947913
}