{
    "FID_reference/dog2cat": 32.13003469940834,
    "FID_reference/wild2cat": 27.985517928574822,
    "FID_reference/cat2dog": 109.09007107536706,
    "FID_reference/wild2dog": 93.08478409091015,
    "FID_reference/cat2wild": 62.12958890092732,
    "FID_reference/dog2wild": 61.06312612856809,
    "FID_reference/mean": 64.24718713729263
}