{
    "FID_reference/dog2cat": 315.5923644972222,
    "FID_reference/wild2cat": 308.1557726193123,
    "FID_reference/cat2dog": 301.9507671333156,
    "FID_reference/wild2dog": 301.5859722780225,
    "FID_reference/cat2wild": 329.13207246024666,
    "FID_reference/dog2wild": 335.3013926418843,
    "FID_reference/mean": 315.28639027166724
}