{
    "FID_reference/dog2cat": 20.793049806138193,
    "FID_reference/wild2cat": 19.921674015061306,
    "FID_reference/cat2dog": 90.33759885744502,
    "FID_reference/wild2dog": 76.11449522056272,
    "FID_reference/cat2wild": 48.19209501315895,
    "FID_reference/dog2wild": 45.68030627358817,
    "FID_reference/mean": 50.17320319765906
}