{
    "FID_reference/dog2cat": 201.9971990311002,
    "FID_reference/wild2cat": 168.95835039812877,
    "FID_reference/cat2dog": 268.02236355847447,
    "FID_reference/wild2dog": 242.03234955499798,
    "FID_reference/cat2wild": 129.0974727311874,
    "FID_reference/dog2wild": 136.15344419412452,
    "FID_reference/mean": 191.04352991133553
}