{
    "FID_reference/dog2cat": 19.99644364243195,
    "FID_reference/wild2cat": 18.679312428728792,
    "FID_reference/cat2dog": 82.0695128746936,
    "FID_reference/wild2dog": 70.32227226516592,
    "FID_reference/cat2wild": 37.651142947989484,
    "FID_reference/dog2wild": 38.617160513233216,
    "FID_reference/mean": 44.55597411204049
}