{
    "FID_reference/dog2cat": 19.97667870929098,
    "FID_reference/wild2cat": 18.709135448261172,
    "FID_reference/cat2dog": 83.44212160344944,
    "FID_reference/wild2dog": 70.90666648525894,
    "FID_reference/cat2wild": 39.11096357412783,
    "FID_reference/dog2wild": 39.339616571119365,
    "FID_reference/mean": 45.247530398584615
}