{
    "FID_reference/dog2cat": 107.1269828098148,
    "FID_reference/wild2cat": 85.04728964460084,
    "FID_reference/cat2dog": 193.18642639678376,
    "FID_reference/wild2dog": 198.92241810131117,
    "FID_reference/cat2wild": 99.41631339741537,
    "FID_reference/dog2wild": 102.1928993933263,
    "FID_reference/mean": 130.9820549572087
}