{
    "FID_reference/dog2cat": 19.17904360608548,
    "FID_reference/wild2cat": 18.981267639902466,
    "FID_reference/cat2dog": 82.03963745069666,
    "FID_reference/wild2dog": 69.18740796586304,
    "FID_reference/cat2wild": 29.006082182257103,
    "FID_reference/dog2wild": 33.38925723682637,
    "FID_reference/mean": 41.963782680271855
}