{
    "FID_reference/dog2cat": 35.180415563027516,
    "FID_reference/wild2cat": 30.327209810453766,
    "FID_reference/cat2dog": 117.32162815205152,
    "FID_reference/wild2dog": 107.87874381571365,
    "FID_reference/cat2wild": 73.3940333824348,
    "FID_reference/dog2wild": 70.25543689050194,
    "FID_reference/mean": 72.39291126903052
}