{
    "FID_reference/dog2cat": 22.243672278974948,
    "FID_reference/wild2cat": 20.687010934225743,
    "FID_reference/cat2dog": 96.66879114588471,
    "FID_reference/wild2dog": 78.91373407800502,
    "FID_reference/cat2wild": 53.26072206627558,
    "FID_reference/dog2wild": 48.44114837627877,
    "FID_reference/mean": 53.36917981327413
}