{
    "FID_reference/dog2cat": 18.179988441011773,
    "FID_reference/wild2cat": 17.847398442634184,
    "FID_reference/cat2dog": 76.8881048813518,
    "FID_reference/wild2dog": 65.71497034020427,
    "FID_reference/cat2wild": 25.611626664110574,
    "FID_reference/dog2wild": 29.30495588160524,
    "FID_reference/mean": 38.92450744181964
}