{
    "FID_reference/dog2cat": 33.32789287616709,
    "FID_reference/wild2cat": 28.41711194603666,
    "FID_reference/cat2dog": 112.47796324355198,
    "FID_reference/wild2dog": 97.62179191434674,
    "FID_reference/cat2wild": 67.06341389586815,
    "FID_reference/dog2wild": 66.0198541047281,
    "FID_reference/mean": 67.48800466344979
}