{
    "FID_reference/dog2cat": 18.267421660462364,
    "FID_reference/wild2cat": 18.496219589500328,
    "FID_reference/cat2dog": 78.52269375688932,
    "FID_reference/wild2dog": 66.0116285969188,
    "FID_reference/cat2wild": 28.010606723068335,
    "FID_reference/dog2wild": 31.113926921391773,
    "FID_reference/mean": 40.07041620803849
}