{
    "FID_reference/dog2cat": 20.621135420975826,
    "FID_reference/wild2cat": 18.995570820380845,
    "FID_reference/cat2dog": 82.34426897134358,
    "FID_reference/wild2dog": 70.40845463854852,
    "FID_reference/cat2wild": 33.10479316734029,
    "FID_reference/dog2wild": 34.378916156839054,
    "FID_reference/mean": 43.308856529238014
}