{
    "FID_reference/dog2cat": 23.485215657251985,
    "FID_reference/wild2cat": 21.6349283486168,
    "FID_reference/cat2dog": 98.61930333627782,
    "FID_reference/wild2dog": 82.65307476355028,
    "FID_reference/cat2wild": 59.05147460013596,
    "FID_reference/dog2wild": 52.54248779044667,
    "FID_reference/mean": 56.331080749379915
}