{
    "FID_reference/dog2cat": 20.016006443994726,
    "FID_reference/wild2cat": 18.844828308799002,
    "FID_reference/cat2dog": 82.51763991976983,
    "FID_reference/wild2dog": 69.89141810981303,
    "FID_reference/cat2wild": 32.04950245138644,
    "FID_reference/dog2wild": 33.42392735718816,
    "FID_reference/mean": 42.790553765158535
}