{
    "FID_reference/dog2cat": 20.851610091912114,
    "FID_reference/wild2cat": 20.213162799130846,
    "FID_reference/cat2dog": 93.29118827030328,
    "FID_reference/wild2dog": 77.43451543768394,
    "FID_reference/cat2wild": 51.36695751745752,
    "FID_reference/dog2wild": 47.751481658854345,
    "FID_reference/mean": 51.818152629223675
}