{
    "FID_reference/dog2cat": 18.16156991135808,
    "FID_reference/wild2cat": 18.22914808229534,
    "FID_reference/cat2dog": 78.90871163361606,
    "FID_reference/wild2dog": 66.05053685464068,
    "FID_reference/cat2wild": 27.28450974774865,
    "FID_reference/dog2wild": 30.152152631139764,
    "FID_reference/mean": 39.79777147679977
}