{
    "FID_reference/dog2cat": 20.731078062536177,
    "FID_reference/wild2cat": 20.011191063793607,
    "FID_reference/cat2dog": 92.88908887395853,
    "FID_reference/wild2dog": 76.79344337808806,
    "FID_reference/cat2wild": 50.03883459129746,
    "FID_reference/dog2wild": 47.938927036288405,
    "FID_reference/mean": 51.40042716766037
}