{
    "FID_reference/dog2cat": 19.127491531437997,
    "FID_reference/wild2cat": 18.962144292899225,
    "FID_reference/cat2dog": 82.11581424900879,
    "FID_reference/wild2dog": 68.94886841481338,
    "FID_reference/cat2wild": 28.48084820785488,
    "FID_reference/dog2wild": 31.162419331030904,
    "FID_reference/mean": 41.466264337840855
}