{
    "FID_reference/dog2cat": 159.84251930879822,
    "FID_reference/wild2cat": 129.1455974069774,
    "FID_reference/cat2dog": 241.2049949381808,
    "FID_reference/wild2dog": 228.4163439359445,
    "FID_reference/cat2wild": 109.60450723136788,
    "FID_reference/dog2wild": 115.54988353059773,
    "FID_reference/mean": 163.96064105864446
}