{
    "FID_reference/dog2cat": 21.041161731169495,
    "FID_reference/wild2cat": 19.890206386452398,
    "FID_reference/cat2dog": 90.01566689225834,
    "FID_reference/wild2dog": 76.48510037688125,
    "FID_reference/cat2wild": 46.9856925874995,
    "FID_reference/dog2wild": 45.08821078836852,
    "FID_reference/mean": 49.91767312710492
}