{
    "FID_reference/dog2cat": 18.702298256846028,
    "FID_reference/wild2cat": 18.894476558892986,
    "FID_reference/cat2dog": 83.5025228288375,
    "FID_reference/wild2dog": 68.26479261070673,
    "FID_reference/cat2wild": 26.94492933717099,
    "FID_reference/dog2wild": 29.908550664029573,
    "FID_reference/mean": 41.03626170941397
}