{
    "FID_reference/dog2cat": 19.49886882008273,
    "FID_reference/wild2cat": 18.93802247247485,
    "FID_reference/cat2dog": 86.15004880723737,
    "FID_reference/wild2dog": 72.7269332945296,
    "FID_reference/cat2wild": 38.29584647196676,
    "FID_reference/dog2wild": 38.018998697093494,
    "FID_reference/mean": 45.604786427230806
}