{
    "FID_reference/dog2cat": 29.532908211556276,
    "FID_reference/wild2cat": 27.08435803220061,
    "FID_reference/cat2dog": 106.50416793145888,
    "FID_reference/wild2dog": 89.9400616230603,
    "FID_reference/cat2wild": 60.480229378140514,
    "FID_reference/dog2wild": 58.8789994602966,
    "FID_reference/mean": 62.07012077278553
}