{
    "FID_reference/dog2cat": 19.408599031455026,
    "FID_reference/wild2cat": 18.78064958493679,
    "FID_reference/cat2dog": 80.64549683846899,
    "FID_reference/wild2dog": 68.27298887757101,
    "FID_reference/cat2wild": 30.605545585182547,
    "FID_reference/dog2wild": 34.55794519368061,
    "FID_reference/mean": 42.04520418521583
}