{
    "FID_reference/dog2cat": 286.95790417958625,
    "FID_reference/wild2cat": 276.57455020155686,
    "FID_reference/cat2dog": 281.34891383482386,
    "FID_reference/wild2dog": 271.2311286288307,
    "FID_reference/cat2wild": 226.35875802506172,
    "FID_reference/dog2wild": 244.4256450011415,
    "FID_reference/mean": 264.4828166451668
}