{
    "FID_reference/dog2cat": 19.25457851092895,
    "FID_reference/wild2cat": 18.71792046248864,
    "FID_reference/cat2dog": 82.50661562679487,
    "FID_reference/wild2dog": 69.13406031496922,
    "FID_reference/cat2wild": 27.90056433730208,
    "FID_reference/dog2wild": 32.244167974735234,
    "FID_reference/mean": 41.62631787120316
}