{
    "FID_reference/dog2cat": 33.22548665154325,
    "FID_reference/wild2cat": 28.16375348001808,
    "FID_reference/cat2dog": 110.05570150263775,
    "FID_reference/wild2dog": 95.28104086044709,
    "FID_reference/cat2wild": 65.06851404422342,
    "FID_reference/dog2wild": 63.86408301832778,
    "FID_reference/mean": 65.94309659286624
}