{
    "FID_reference/dog2cat": 252.33586857588062,
    "FID_reference/wild2cat": 225.06744395773265,
    "FID_reference/cat2dog": 280.49049212970084,
    "FID_reference/wild2dog": 260.35247490014376,
    "FID_reference/cat2wild": 170.56893152210068,
    "FID_reference/dog2wild": 179.6887115022638,
    "FID_reference/mean": 228.0839870979704
}