{
    "FID_reference/dog2cat": 23.32607767720263,
    "FID_reference/wild2cat": 20.491477692350273,
    "FID_reference/cat2dog": 98.10468388747174,
    "FID_reference/wild2dog": 81.50671499407238,
    "FID_reference/cat2wild": 59.14546731176313,
    "FID_reference/dog2wild": 52.5828346036419,
    "FID_reference/mean": 55.859542694417016
}