{
    "FID_reference/dog2cat": 20.695674660569036,
    "FID_reference/wild2cat": 19.860745836654477,
    "FID_reference/cat2dog": 88.49141751598748,
    "FID_reference/wild2dog": 73.91623782450677,
    "FID_reference/cat2wild": 41.92578801366256,
    "FID_reference/dog2wild": 42.44467905170162,
    "FID_reference/mean": 47.889090483846985
}