{
    "FID_reference/dog2cat": 17.878322214193645,
    "FID_reference/wild2cat": 18.36431237762196,
    "FID_reference/cat2dog": 78.80699161441655,
    "FID_reference/wild2dog": 66.15392777683003,
    "FID_reference/cat2wild": 27.8653500736186,
    "FID_reference/dog2wild": 31.445056693008375,
    "FID_reference/mean": 40.08566012494819
}