{
    "FID_reference/dog2cat": 16.860802260081925,
    "FID_reference/wild2cat": 17.88751635282393,
    "FID_reference/cat2dog": 78.53145609550094,
    "FID_reference/wild2dog": 66.78233579436373,
    "FID_reference/cat2wild": 24.319240395899143,
    "FID_reference/dog2wild": 29.838349158916344,
    "FID_reference/mean": 39.03661667626434
}