{
    "FID_reference/dog2cat": 36.12208424060994,
    "FID_reference/wild2cat": 30.636789322140498,
    "FID_reference/cat2dog": 117.13749768534076,
    "FID_reference/wild2dog": 109.49647297110816,
    "FID_reference/cat2wild": 75.10085853517606,
    "FID_reference/dog2wild": 71.235909382833,
    "FID_reference/mean": 73.28826868953473
}