{
    "FID_reference/dog2cat": 26.31864121257129,
    "FID_reference/wild2cat": 24.900818427649185,
    "FID_reference/cat2dog": 100.0642405082302,
    "FID_reference/wild2dog": 83.90425913327047,
    "FID_reference/cat2wild": 59.19225711740797,
    "FID_reference/dog2wild": 51.64737386446265,
    "FID_reference/mean": 57.67126504393197
}