{
    "LPIPS_reference/dog2cat": 0.3952942546457052,
    "LPIPS_reference/wild2cat": 0.39268207363784313,
    "LPIPS_reference/cat2dog": 0.410743722692132,
    "LPIPS_reference/wild2dog": 0.4115939624607563,
    "LPIPS_reference/cat2wild": 0.339191360399127,
    "LPIPS_reference/dog2wild": 0.3392605874687433,
    "LPIPS_reference/mean": 0.38146099355071783
}