{
    "LPIPS_reference/dog2cat": 0.4288410022854805,
    "LPIPS_reference/wild2cat": 0.417468024417758,
    "LPIPS_reference/cat2dog": 0.4547242820262909,
    "LPIPS_reference/wild2dog": 0.45410091429948807,
    "LPIPS_reference/cat2wild": 0.42520393058657646,
    "LPIPS_reference/dog2wild": 0.4223549384623766,
    "LPIPS_reference/mean": 0.43378218201299507
}