{
    "LPIPS_reference/dog2cat": 0.42349499091506004,
    "LPIPS_reference/wild2cat": 0.40853706933557987,
    "LPIPS_reference/cat2dog": 0.45218912698328495,
    "LPIPS_reference/wild2dog": 0.4488792046904564,
    "LPIPS_reference/cat2wild": 0.41825148090720177,
    "LPIPS_reference/dog2wild": 0.41854318231344223,
    "LPIPS_reference/mean": 0.4283158425241709
}