{
    "LPIPS_reference/dog2cat": 0.22058033291250467,
    "LPIPS_reference/wild2cat": 0.22415533289313316,
    "LPIPS_reference/cat2dog": 0.2268345532938838,
    "LPIPS_reference/wild2dog": 0.22834870591759682,
    "LPIPS_reference/cat2wild": 0.1833115117624402,
    "LPIPS_reference/dog2wild": 0.1789525980129838,
    "LPIPS_reference/mean": 0.21036383913209042
}