{
    "LPIPS_reference/dog2cat": 0.4020861014723778,
    "LPIPS_reference/wild2cat": 0.39222588762640953,
    "LPIPS_reference/cat2dog": 0.42846147902309895,
    "LPIPS_reference/wild2dog": 0.4307069629430771,
    "LPIPS_reference/cat2wild": 0.3875469956547022,
    "LPIPS_reference/dog2wild": 0.38888796232640743,
    "LPIPS_reference/mean": 0.4049858981743455
}