{
    "LPIPS_reference/dog2cat": 0.4012085571885109,
    "LPIPS_reference/wild2cat": 0.3898522574454546,
    "LPIPS_reference/cat2dog": 0.4318202678114176,
    "LPIPS_reference/wild2dog": 0.430925952270627,
    "LPIPS_reference/cat2wild": 0.38774590007960796,
    "LPIPS_reference/dog2wild": 0.3883021380752325,
    "LPIPS_reference/mean": 0.4049758454784751
}