{
    "LPIPS_reference/dog2cat": 0.40833076648414135,
    "LPIPS_reference/wild2cat": 0.3975519109517336,
    "LPIPS_reference/cat2dog": 0.44213566556572914,
    "LPIPS_reference/wild2dog": 0.4423098862171173,
    "LPIPS_reference/cat2wild": 0.3909144178032875,
    "LPIPS_reference/dog2wild": 0.39038470946252346,
    "LPIPS_reference/mean": 0.41193789274742204
}