{
    "LPIPS_reference/dog2cat": 0.40005938336253166,
    "LPIPS_reference/wild2cat": 0.3905310444533825,
    "LPIPS_reference/cat2dog": 0.43010081723332405,
    "LPIPS_reference/wild2dog": 0.4315465707331896,
    "LPIPS_reference/cat2wild": 0.386606827378273,
    "LPIPS_reference/dog2wild": 0.3868114948272705,
    "LPIPS_reference/mean": 0.4042760229979952
}