{
    "LPIPS_reference/dog2cat": 0.43800944834947586,
    "LPIPS_reference/wild2cat": 0.42863870970904827,
    "LPIPS_reference/cat2dog": 0.46265081875026226,
    "LPIPS_reference/wild2dog": 0.4572293274104595,
    "LPIPS_reference/cat2wild": 0.437738424167037,
    "LPIPS_reference/dog2wild": 0.44042856991291046,
    "LPIPS_reference/mean": 0.44411588304986555
}