{
    "LPIPS_reference/dog2cat": 0.43064199574291706,
    "LPIPS_reference/wild2cat": 0.4177711196243763,
    "LPIPS_reference/cat2dog": 0.45668225921690464,
    "LPIPS_reference/wild2dog": 0.4541961755603552,
    "LPIPS_reference/cat2wild": 0.44207859970629215,
    "LPIPS_reference/dog2wild": 0.4404385406523943,
    "LPIPS_reference/mean": 0.44030144841720664
}