{
    "LPIPS_reference/dog2cat": 0.4043427985161543,
    "LPIPS_reference/wild2cat": 0.39596593752503395,
    "LPIPS_reference/cat2dog": 0.4208389353007078,
    "LPIPS_reference/wild2dog": 0.4191925320774317,
    "LPIPS_reference/cat2wild": 0.3662206865847111,
    "LPIPS_reference/dog2wild": 0.3678987920284271,
    "LPIPS_reference/mean": 0.39574328033874434
}