{
    "LPIPS_reference/dog2cat": 0.4105173423886299,
    "LPIPS_reference/wild2cat": 0.3985020760446787,
    "LPIPS_reference/cat2dog": 0.4419208113104105,
    "LPIPS_reference/wild2dog": 0.44308664090931416,
    "LPIPS_reference/cat2wild": 0.3913232833147049,
    "LPIPS_reference/dog2wild": 0.3913940489292145,
    "LPIPS_reference/mean": 0.4127907004828254
}