{
    "LPIPS_reference/dog2cat": 0.43102286010980606,
    "LPIPS_reference/wild2cat": 0.4207208827137947,
    "LPIPS_reference/cat2dog": 0.4578079357743263,
    "LPIPS_reference/wild2dog": 0.45590547285974026,
    "LPIPS_reference/cat2wild": 0.4394741505384445,
    "LPIPS_reference/dog2wild": 0.4380411524325609,
    "LPIPS_reference/mean": 0.44049540907144547
}