{
    "LPIPS_reference/dog2cat": 0.4019133970141411,
    "LPIPS_reference/wild2cat": 0.3904789127409458,
    "LPIPS_reference/cat2dog": 0.42901486344635487,
    "LPIPS_reference/wild2dog": 0.4284905828535557,
    "LPIPS_reference/cat2wild": 0.37929241731762886,
    "LPIPS_reference/dog2wild": 0.3812200538814068,
    "LPIPS_reference/mean": 0.40173503787567216
}