{
    "LPIPS_reference/dog2cat": 0.4288046844303608,
    "LPIPS_reference/wild2cat": 0.4181161317974329,
    "LPIPS_reference/cat2dog": 0.4548366628587246,
    "LPIPS_reference/wild2dog": 0.45428039133548737,
    "LPIPS_reference/cat2wild": 0.44098883122205734,
    "LPIPS_reference/dog2wild": 0.4380585737526417,
    "LPIPS_reference/mean": 0.4391808792327841
}