{
    "LPIPS_reference/dog2cat": 0.43416763842105865,
    "LPIPS_reference/wild2cat": 0.42501181177794933,
    "LPIPS_reference/cat2dog": 0.46074886061251163,
    "LPIPS_reference/wild2dog": 0.45777884498238564,
    "LPIPS_reference/cat2wild": 0.4422700200229883,
    "LPIPS_reference/dog2wild": 0.4435801673680544,
    "LPIPS_reference/mean": 0.443926223864158
}