{
    "LPIPS_reference/dog2cat": 0.4044570177793503,
    "LPIPS_reference/wild2cat": 0.39723856560885906,
    "LPIPS_reference/cat2dog": 0.4219593908637762,
    "LPIPS_reference/wild2dog": 0.42095334082841873,
    "LPIPS_reference/cat2wild": 0.3667283598333597,
    "LPIPS_reference/dog2wild": 0.36870142444968224,
    "LPIPS_reference/mean": 0.39667301656057435
}