{
    "LPIPS_reference/dog2cat": 0.42631973698735237,
    "LPIPS_reference/wild2cat": 0.41502694971859455,
    "LPIPS_reference/cat2dog": 0.4512079041451216,
    "LPIPS_reference/wild2dog": 0.44990149512887,
    "LPIPS_reference/cat2wild": 0.418941929936409,
    "LPIPS_reference/dog2wild": 0.4144127443432808,
    "LPIPS_reference/mean": 0.42930179337660473
}