{
    "LPIPS_reference/dog2cat": 0.42941461130976677,
    "LPIPS_reference/wild2cat": 0.416124464944005,
    "LPIPS_reference/cat2dog": 0.4552595168352127,
    "LPIPS_reference/wild2dog": 0.4556374382227659,
    "LPIPS_reference/cat2wild": 0.4374224357306957,
    "LPIPS_reference/dog2wild": 0.437115415930748,
    "LPIPS_reference/mean": 0.4384956471621991
}