{
    "LPIPS_reference/dog2cat": 0.40449728816747665,
    "LPIPS_reference/wild2cat": 0.39310139417648315,
    "LPIPS_reference/cat2dog": 0.42991262301802635,
    "LPIPS_reference/wild2dog": 0.431361123919487,
    "LPIPS_reference/cat2wild": 0.3859436586499214,
    "LPIPS_reference/dog2wild": 0.38626850582659245,
    "LPIPS_reference/mean": 0.4051807656263312
}