{
    "LPIPS_reference/dog2cat": 0.004334433848271146,
    "LPIPS_reference/wild2cat": 0.0043318739626556635,
    "LPIPS_reference/cat2dog": 0.002636204138980247,
    "LPIPS_reference/wild2dog": 0.0027258340996922925,
    "LPIPS_reference/cat2wild": 0.001553851216158364,
    "LPIPS_reference/dog2wild": 0.0015998512171790935,
    "LPIPS_reference/mean": 0.0028636747471561344
}