{
    "LPIPS_latent/dog2cat": 0.3986407909542322,
    "LPIPS_latent/wild2cat": 0.40069562941789627,
    "LPIPS_latent/cat2dog": 0.4197669494897127,
    "LPIPS_latent/wild2dog": 0.42534651048481464,
    "LPIPS_latent/cat2wild": 0.3531777076423168,
    "LPIPS_latent/dog2wild": 0.3500426113605499,
    "LPIPS_latent/mean": 0.39127836655825377
}