{
    "LPIPS_reference/dog2cat": 0.4319641422480345,
    "LPIPS_reference/wild2cat": 0.4178760852664709,
    "LPIPS_reference/cat2dog": 0.452649449929595,
    "LPIPS_reference/wild2dog": 0.4507954381406307,
    "LPIPS_reference/cat2wild": 0.4329031854867935,
    "LPIPS_reference/dog2wild": 0.42932530492544174,
    "LPIPS_reference/mean": 0.43591893433282775
}