{
    "LPIPS_reference/dog2cat": 0.00046284839299914893,
    "LPIPS_reference/wild2cat": 0.0004653827945730882,
    "LPIPS_reference/cat2dog": 0.0004005065475212177,
    "LPIPS_reference/wild2dog": 0.0004186898677289719,
    "LPIPS_reference/cat2wild": 0.00023302262343349867,
    "LPIPS_reference/dog2wild": 0.00023785234770912211,
    "LPIPS_reference/mean": 0.00036971709566084127
}