{
    "LPIPS_reference/dog2cat": 0.43123613856732845,
    "LPIPS_reference/wild2cat": 0.41963954642415047,
    "LPIPS_reference/cat2dog": 0.45504378341138363,
    "LPIPS_reference/wild2dog": 0.45403842255473137,
    "LPIPS_reference/cat2wild": 0.4357564691454172,
    "LPIPS_reference/dog2wild": 0.4362556170672178,
    "LPIPS_reference/mean": 0.4386616628617049
}