{
    "LPIPS_reference/dog2cat": 0.43170306645333767,
    "LPIPS_reference/wild2cat": 0.4188551139086485,
    "LPIPS_reference/cat2dog": 0.4499912019819021,
    "LPIPS_reference/wild2dog": 0.45200807601213455,
    "LPIPS_reference/cat2wild": 0.42862861789762974,
    "LPIPS_reference/dog2wild": 0.42555314861238003,
    "LPIPS_reference/mean": 0.43445653747767204
}