{
    "LPIPS_reference/dog2cat": 0.4321560747921467,
    "LPIPS_reference/wild2cat": 0.4229280538856983,
    "LPIPS_reference/cat2dog": 0.4609289616346359,
    "LPIPS_reference/wild2dog": 0.45607672445476055,
    "LPIPS_reference/cat2wild": 0.4366982225328684,
    "LPIPS_reference/dog2wild": 0.43579251505434513,
    "LPIPS_reference/mean": 0.44076342539240915
}