{
    "LPIPS_latent/dog2cat": 0.4595560412853956,
    "LPIPS_latent/wild2cat": 0.4486678410321474,
    "LPIPS_latent/cat2dog": 0.4853263106197119,
    "LPIPS_latent/wild2dog": 0.48671635426580906,
    "LPIPS_latent/cat2wild": 0.45393988117575645,
    "LPIPS_latent/dog2wild": 0.45795596577227116,
    "LPIPS_latent/mean": 0.4653603990251819
}