{
    "LPIPS_reference/dog2cat": 0.4127666186541319,
    "LPIPS_reference/wild2cat": 0.40001183934509754,
    "LPIPS_reference/cat2dog": 0.4328858256340027,
    "LPIPS_reference/wild2dog": 0.4318786282092333,
    "LPIPS_reference/cat2wild": 0.3790236283093691,
    "LPIPS_reference/dog2wild": 0.3801234979182482,
    "LPIPS_reference/mean": 0.4061150063450138
}