{
    "LPIPS_reference/dog2cat": 0.41508536227047443,
    "LPIPS_reference/wild2cat": 0.40391944721341133,
    "LPIPS_reference/cat2dog": 0.4439927339553833,
    "LPIPS_reference/wild2dog": 0.44337403029203415,
    "LPIPS_reference/cat2wild": 0.3948179613798857,
    "LPIPS_reference/dog2wild": 0.39453654922544956,
    "LPIPS_reference/mean": 0.41595434738943976
}