{
    "LPIPS_reference/dog2cat": 0.4160479847341776,
    "LPIPS_reference/wild2cat": 0.4019629582762718,
    "LPIPS_reference/cat2dog": 0.44356622733175755,
    "LPIPS_reference/wild2dog": 0.4440974313765764,
    "LPIPS_reference/cat2wild": 0.3958737850189209,
    "LPIPS_reference/dog2wild": 0.39784299209713936,
    "LPIPS_reference/mean": 0.41656522980580724
}