{
    "LPIPS_reference/dog2cat": 0.4014124162495136,
    "LPIPS_reference/wild2cat": 0.39107417315244675,
    "LPIPS_reference/cat2dog": 0.4269147403538227,
    "LPIPS_reference/wild2dog": 0.42617632634937763,
    "LPIPS_reference/cat2wild": 0.3754173833876848,
    "LPIPS_reference/dog2wild": 0.37812577188014984,
    "LPIPS_reference/mean": 0.3998534685621659
}