{
    "LPIPS_reference/dog2cat": 0.4015257228165865,
    "LPIPS_reference/wild2cat": 0.3906353786587715,
    "LPIPS_reference/cat2dog": 0.42941454239189625,
    "LPIPS_reference/wild2dog": 0.429463405162096,
    "LPIPS_reference/cat2wild": 0.38430637679994106,
    "LPIPS_reference/dog2wild": 0.38573157228529453,
    "LPIPS_reference/mean": 0.4035128330190977
}