{
    "LPIPS_reference/dog2cat": 0.4157781545072794,
    "LPIPS_reference/wild2cat": 0.4026906918734312,
    "LPIPS_reference/cat2dog": 0.4426847491413355,
    "LPIPS_reference/wild2dog": 0.44501231238245964,
    "LPIPS_reference/cat2wild": 0.39510958082973957,
    "LPIPS_reference/dog2wild": 0.39421433210372925,
    "LPIPS_reference/mean": 0.41591497013966244
}