{
    "LPIPS_reference/dog2cat": 0.4325846042484045,
    "LPIPS_reference/wild2cat": 0.4223511144518852,
    "LPIPS_reference/cat2dog": 0.4600349944084883,
    "LPIPS_reference/wild2dog": 0.455940306186676,
    "LPIPS_reference/cat2wild": 0.4333674553781748,
    "LPIPS_reference/dog2wild": 0.43454256281256676,
    "LPIPS_reference/mean": 0.43980350624769926
}