{
    "LPIPS_latent/dog2cat": 0.4442166592925787,
    "LPIPS_latent/wild2cat": 0.42897957749664783,
    "LPIPS_latent/cat2dog": 0.47937675192952156,
    "LPIPS_latent/wild2dog": 0.4795302003622055,
    "LPIPS_latent/cat2wild": 0.4374252427369356,
    "LPIPS_latent/dog2wild": 0.44473459757864475,
    "LPIPS_latent/mean": 0.452377171566089
}