{
    "LPIPS_reference/dog2cat": 0.4190071076154709,
    "LPIPS_reference/wild2cat": 0.40418433398008347,
    "LPIPS_reference/cat2dog": 0.4558709990233183,
    "LPIPS_reference/wild2dog": 0.4547764379531145,
    "LPIPS_reference/cat2wild": 0.40423043444752693,
    "LPIPS_reference/dog2wild": 0.4043331500142813,
    "LPIPS_reference/mean": 0.42373374383896595
}