{
    "LPIPS_reference/dog2cat": 0.41858419589698315,
    "LPIPS_reference/wild2cat": 0.4052940644323826,
    "LPIPS_reference/cat2dog": 0.45611448027193546,
    "LPIPS_reference/wild2dog": 0.4526054058223963,
    "LPIPS_reference/cat2wild": 0.4094623737037182,
    "LPIPS_reference/dog2wild": 0.4139204155653715,
    "LPIPS_reference/mean": 0.42599682261546457
}