{
    "LPIPS_reference/dog2cat": 0.42925756610929966,
    "LPIPS_reference/wild2cat": 0.41833038814365864,
    "LPIPS_reference/cat2dog": 0.4574993886053562,
    "LPIPS_reference/wild2dog": 0.4554401971399784,
    "LPIPS_reference/cat2wild": 0.4432670380920172,
    "LPIPS_reference/dog2wild": 0.43989474698901176,
    "LPIPS_reference/mean": 0.4406148875132203
}