{
    "LPIPS_reference/dog2cat": 0.4193199332803488,
    "LPIPS_reference/wild2cat": 0.4045593123883009,
    "LPIPS_reference/cat2dog": 0.4573799669742584,
    "LPIPS_reference/wild2dog": 0.4535807389765978,
    "LPIPS_reference/cat2wild": 0.40590452775359154,
    "LPIPS_reference/dog2wild": 0.40688845328986645,
    "LPIPS_reference/mean": 0.42460548877716064
}