{
    "LPIPS_reference/dog2cat": 0.398691613227129,
    "LPIPS_reference/wild2cat": 0.3893643021583557,
    "LPIPS_reference/cat2dog": 0.4297928959131241,
    "LPIPS_reference/wild2dog": 0.4310691524296999,
    "LPIPS_reference/cat2wild": 0.3826204501092434,
    "LPIPS_reference/dog2wild": 0.38342987559735775,
    "LPIPS_reference/mean": 0.40249471490581834
}