{
    "LPIPS_reference/dog2cat": 0.3522789906710386,
    "LPIPS_reference/wild2cat": 0.3545303363353014,
    "LPIPS_reference/cat2dog": 0.3563694730401039,
    "LPIPS_reference/wild2dog": 0.3588543236255646,
    "LPIPS_reference/cat2wild": 0.236179081723094,
    "LPIPS_reference/dog2wild": 0.23535309918224812,
    "LPIPS_reference/mean": 0.31559421742955845
}