{
    "LPIPS_reference/dog2cat": 0.4181626904755831,
    "LPIPS_reference/wild2cat": 0.40422562696039677,
    "LPIPS_reference/cat2dog": 0.44933268055319786,
    "LPIPS_reference/wild2dog": 0.44872327893972397,
    "LPIPS_reference/cat2wild": 0.3995665945112705,
    "LPIPS_reference/dog2wild": 0.40047089755535126,
    "LPIPS_reference/mean": 0.42008029483258724
}