{
    "LPIPS_reference/dog2cat": 0.3981227744370699,
    "LPIPS_reference/wild2cat": 0.3946651332080364,
    "LPIPS_reference/cat2dog": 0.41525875590741634,
    "LPIPS_reference/wild2dog": 0.41462212055921555,
    "LPIPS_reference/cat2wild": 0.3487265445291996,
    "LPIPS_reference/dog2wild": 0.3496458437293768,
    "LPIPS_reference/mean": 0.38684019539505243
}