{
    "LPIPS_reference/dog2cat": 0.41970958560705185,
    "LPIPS_reference/wild2cat": 0.40517634339630604,
    "LPIPS_reference/cat2dog": 0.45625257305800915,
    "LPIPS_reference/wild2dog": 0.45165475457906723,
    "LPIPS_reference/cat2wild": 0.41239022091031075,
    "LPIPS_reference/dog2wild": 0.4144538380205631,
    "LPIPS_reference/mean": 0.4266062192618847
}