{
    "LPIPS_reference/dog2cat": 0.4059451539069414,
    "LPIPS_reference/wild2cat": 0.3987618740648031,
    "LPIPS_reference/cat2dog": 0.4212369304150343,
    "LPIPS_reference/wild2dog": 0.42073964327573776,
    "LPIPS_reference/cat2wild": 0.36555556021630764,
    "LPIPS_reference/dog2wild": 0.3668286129832268,
    "LPIPS_reference/mean": 0.39651129581034184
}