{
    "LPIPS_reference/dog2cat": 0.4322545453906059,
    "LPIPS_reference/wild2cat": 0.42311130836606026,
    "LPIPS_reference/cat2dog": 0.4599010366946459,
    "LPIPS_reference/wild2dog": 0.4574094098061323,
    "LPIPS_reference/cat2wild": 0.4445505868643522,
    "LPIPS_reference/dog2wild": 0.44322072714567184,
    "LPIPS_reference/mean": 0.4434079357112447
}