{
    "LPIPS_reference/dog2cat": 0.4220880176872015,
    "LPIPS_reference/wild2cat": 0.4049122501164675,
    "LPIPS_reference/cat2dog": 0.4566382262855768,
    "LPIPS_reference/wild2dog": 0.4528596568852663,
    "LPIPS_reference/cat2wild": 0.40468780137598515,
    "LPIPS_reference/dog2wild": 0.4056200534105301,
    "LPIPS_reference/mean": 0.4244676676268379
}