{
    "LPIPS_reference/dog2cat": 0.43660267628729343,
    "LPIPS_reference/wild2cat": 0.42621807754039764,
    "LPIPS_reference/cat2dog": 0.46039807237684727,
    "LPIPS_reference/wild2dog": 0.456844475120306,
    "LPIPS_reference/cat2wild": 0.43953951820731163,
    "LPIPS_reference/dog2wild": 0.441758930683136,
    "LPIPS_reference/mean": 0.4435602917025486
}