{
    "LPIPS_reference/dog2cat": 0.4131797254085541,
    "LPIPS_reference/wild2cat": 0.40080370008945465,
    "LPIPS_reference/cat2dog": 0.4423322230577469,
    "LPIPS_reference/wild2dog": 0.44415480829775333,
    "LPIPS_reference/cat2wild": 0.39070679247379303,
    "LPIPS_reference/dog2wild": 0.39239790476858616,
    "LPIPS_reference/mean": 0.4139291923493147
}