{
    "LPIPS_reference/dog2cat": 0.4251130558550358,
    "LPIPS_reference/wild2cat": 0.4127514734864235,
    "LPIPS_reference/cat2dog": 0.45466790348291397,
    "LPIPS_reference/wild2dog": 0.45047379471361637,
    "LPIPS_reference/cat2wild": 0.41823961585760117,
    "LPIPS_reference/dog2wild": 0.4147944450378418,
    "LPIPS_reference/mean": 0.4293400480722388
}