{
    "LPIPS_latent/dog2cat": 0.45558658242225647,
    "LPIPS_latent/wild2cat": 0.4421379044651985,
    "LPIPS_latent/cat2dog": 0.48867822624742985,
    "LPIPS_latent/wild2dog": 0.4863142389804125,
    "LPIPS_latent/cat2wild": 0.45943778194487095,
    "LPIPS_latent/dog2wild": 0.45996981114149094,
    "LPIPS_latent/mean": 0.46535409086694324
}