{
    "LPIPS_reference/dog2cat": 0.40411943569779396,
    "LPIPS_reference/wild2cat": 0.3971085138618946,
    "LPIPS_reference/cat2dog": 0.4266224205493927,
    "LPIPS_reference/wild2dog": 0.4233070630580187,
    "LPIPS_reference/cat2wild": 0.36977448128163815,
    "LPIPS_reference/dog2wild": 0.37031237594783306,
    "LPIPS_reference/mean": 0.39854071506609523
}