{
    "LPIPS_reference/dog2cat": 0.4377156738191843,
    "LPIPS_reference/wild2cat": 0.4255710393190384,
    "LPIPS_reference/cat2dog": 0.4602198973298073,
    "LPIPS_reference/wild2dog": 0.45748295448720455,
    "LPIPS_reference/cat2wild": 0.43542201444506645,
    "LPIPS_reference/dog2wild": 0.43723778799176216,
    "LPIPS_reference/mean": 0.4422748945653439
}