{
    "LPIPS_reference/dog2cat": 0.40076971612870693,
    "LPIPS_reference/wild2cat": 0.38870255649089813,
    "LPIPS_reference/cat2dog": 0.42956612817943096,
    "LPIPS_reference/wild2dog": 0.42969439178705215,
    "LPIPS_reference/cat2wild": 0.38566629588603973,
    "LPIPS_reference/dog2wild": 0.38876691833138466,
    "LPIPS_reference/mean": 0.40386100113391876
}