{
    "LPIPS_reference/dog2cat": 1.4684023426525528e-05,
    "LPIPS_reference/wild2cat": 1.4464640287314978e-05,
    "LPIPS_reference/cat2dog": 1.834391389365919e-05,
    "LPIPS_reference/wild2dog": 1.818350483517861e-05,
    "LPIPS_reference/cat2wild": 9.496967891209351e-06,
    "LPIPS_reference/dog2wild": 9.674166960849107e-06,
    "LPIPS_reference/mean": 1.414120288245613e-05
}