{
    "LPIPS_reference/dog2cat": 0.4364610016345978,
    "LPIPS_reference/wild2cat": 0.4268962014466524,
    "LPIPS_reference/cat2dog": 0.46098156459629536,
    "LPIPS_reference/wild2dog": 0.4576786383986473,
    "LPIPS_reference/cat2wild": 0.44103788398206234,
    "LPIPS_reference/dog2wild": 0.4415291789919138,
    "LPIPS_reference/mean": 0.4440974115083615
}