{
    "LPIPS_latent/dog2cat": 0.46119686774909496,
    "LPIPS_latent/wild2cat": 0.4483064319938421,
    "LPIPS_latent/cat2dog": 0.4859958942979574,
    "LPIPS_latent/wild2dog": 0.48592828772962093,
    "LPIPS_latent/cat2wild": 0.4532003365457058,
    "LPIPS_latent/dog2wild": 0.4552177004516125,
    "LPIPS_latent/mean": 0.46497425312797225
}