{
    "LPIPS_reference/dog2cat": 0.4086350928992033,
    "LPIPS_reference/wild2cat": 0.39771016128361225,
    "LPIPS_reference/cat2dog": 0.44064569659531116,
    "LPIPS_reference/wild2dog": 0.4397095087915659,
    "LPIPS_reference/cat2wild": 0.38950001634657383,
    "LPIPS_reference/dog2wild": 0.39035251177847385,
    "LPIPS_reference/mean": 0.41109216461579007
}