{
    "LPIPS_reference/dog2cat": 0.43383317440748215,
    "LPIPS_reference/wild2cat": 0.42422994412481785,
    "LPIPS_reference/cat2dog": 0.4597293045371771,
    "LPIPS_reference/wild2dog": 0.45731476321816444,
    "LPIPS_reference/cat2wild": 0.43535047583281994,
    "LPIPS_reference/dog2wild": 0.4366679713129997,
    "LPIPS_reference/mean": 0.4411876055722435
}