{
    "LPIPS_reference/dog2cat": 0.41749548353254795,
    "LPIPS_reference/wild2cat": 0.40187501162290573,
    "LPIPS_reference/cat2dog": 0.45324942097067833,
    "LPIPS_reference/wild2dog": 0.45246326737105846,
    "LPIPS_reference/cat2wild": 0.4038339201360941,
    "LPIPS_reference/dog2wild": 0.4035616461187601,
    "LPIPS_reference/mean": 0.4220797916253408
}