{
    "LPIPS_reference/dog2cat": 0.4330671839416027,
    "LPIPS_reference/wild2cat": 0.4215779323130846,
    "LPIPS_reference/cat2dog": 0.46250578202307224,
    "LPIPS_reference/wild2dog": 0.45904681645333767,
    "LPIPS_reference/cat2wild": 0.4435996897518635,
    "LPIPS_reference/dog2wild": 0.44135244749486446,
    "LPIPS_reference/mean": 0.4435249753296376
}