{
    "LPIPS_reference/dog2cat": 0.41999187134206295,
    "LPIPS_reference/wild2cat": 0.4043714255094528,
    "LPIPS_reference/cat2dog": 0.4495810568332672,
    "LPIPS_reference/wild2dog": 0.4495702963322401,
    "LPIPS_reference/cat2wild": 0.4032057784497738,
    "LPIPS_reference/dog2wild": 0.4031848832964897,
    "LPIPS_reference/mean": 0.42165088529388106
}