{
    "LPIPS_reference/dog2cat": 0.39587203972041607,
    "LPIPS_reference/wild2cat": 0.39235023595392704,
    "LPIPS_reference/cat2dog": 0.4100556056946516,
    "LPIPS_reference/wild2dog": 0.4098843224346638,
    "LPIPS_reference/cat2wild": 0.3285085894167423,
    "LPIPS_reference/dog2wild": 0.3317700233310461,
    "LPIPS_reference/mean": 0.37807346942524117
}