{
    "LPIPS_reference/dog2cat": 0.4388574231415987,
    "LPIPS_reference/wild2cat": 0.42680640146136284,
    "LPIPS_reference/cat2dog": 0.45889516547322273,
    "LPIPS_reference/wild2dog": 0.4558301158249378,
    "LPIPS_reference/cat2wild": 0.443106260150671,
    "LPIPS_reference/dog2wild": 0.44300722144544125,
    "LPIPS_reference/mean": 0.44441709791620576
}