{
    "LPIPS_reference/dog2cat": 0.4220454581081867,
    "LPIPS_reference/wild2cat": 0.40766264125704765,
    "LPIPS_reference/cat2dog": 0.4534529112279415,
    "LPIPS_reference/wild2dog": 0.449691466987133,
    "LPIPS_reference/cat2wild": 0.41616122238337994,
    "LPIPS_reference/dog2wild": 0.41666871309280396,
    "LPIPS_reference/mean": 0.4276137355094155
}