{
    "LPIPS_latent/dog2cat": 0.43917645514011383,
    "LPIPS_latent/wild2cat": 0.43479641154408455,
    "LPIPS_latent/cat2dog": 0.4708081651479006,
    "LPIPS_latent/wild2dog": 0.46870993822813034,
    "LPIPS_latent/cat2wild": 0.4265017118304968,
    "LPIPS_latent/dog2wild": 0.42839902825653553,
    "LPIPS_latent/mean": 0.44473195169121027
}