{
    "LPIPS_reference/dog2cat": 0.38557580672204494,
    "LPIPS_reference/wild2cat": 0.3879528511315584,
    "LPIPS_reference/cat2dog": 0.39807089790701866,
    "LPIPS_reference/wild2dog": 0.4008130431175232,
    "LPIPS_reference/cat2wild": 0.3055450860410929,
    "LPIPS_reference/dog2wild": 0.3045686464756727,
    "LPIPS_reference/mean": 0.36375438856581843
}