{
    "LPIPS_reference/dog2cat": 0.4012119807302952,
    "LPIPS_reference/wild2cat": 0.3910992033779621,
    "LPIPS_reference/cat2dog": 0.428043007850647,
    "LPIPS_reference/wild2dog": 0.42800932563841343,
    "LPIPS_reference/cat2wild": 0.37912367284297943,
    "LPIPS_reference/dog2wild": 0.3802489507943392,
    "LPIPS_reference/mean": 0.4012893568724394
}