{
    "LPIPS_reference/dog2cat": 0.17196872737258673,
    "LPIPS_reference/wild2cat": 0.17488317750394344,
    "LPIPS_reference/cat2dog": 0.1595950974151492,
    "LPIPS_reference/wild2dog": 0.1611731071025133,
    "LPIPS_reference/cat2wild": 0.14892447274178267,
    "LPIPS_reference/dog2wild": 0.14471946004778147,
    "LPIPS_reference/mean": 0.1602106736972928
}