{
    "LPIPS_reference/dog2cat": 0.01882847968954593,
    "LPIPS_reference/wild2cat": 0.01910392357967794,
    "LPIPS_reference/cat2dog": 0.014313692692667246,
    "LPIPS_reference/wild2dog": 0.014498118543997407,
    "LPIPS_reference/cat2wild": 0.007644955941941589,
    "LPIPS_reference/dog2wild": 0.00768645343487151,
    "LPIPS_reference/mean": 0.013679270647116937
}