{
    "LPIPS_reference/dog2cat": 0.4079371951520443,
    "LPIPS_reference/wild2cat": 0.39710367657244205,
    "LPIPS_reference/cat2dog": 0.44037842005491257,
    "LPIPS_reference/wild2dog": 0.4423851575702429,
    "LPIPS_reference/cat2wild": 0.39069851115345955,
    "LPIPS_reference/dog2wild": 0.3912352863699198,
    "LPIPS_reference/mean": 0.4116230411455036
}