{
    "LPIPS_reference/dog2cat": 0.39868680015206337,
    "LPIPS_reference/wild2cat": 0.3901700545102358,
    "LPIPS_reference/cat2dog": 0.42993332631886005,
    "LPIPS_reference/wild2dog": 0.4305312801152468,
    "LPIPS_reference/cat2wild": 0.3831487577408552,
    "LPIPS_reference/dog2wild": 0.3831434641033411,
    "LPIPS_reference/mean": 0.40260228049010044
}