{
    "LPIPS_reference/dog2cat": 0.41817890107631683,
    "LPIPS_reference/wild2cat": 0.4025739375501871,
    "LPIPS_reference/cat2dog": 0.44969004578888416,
    "LPIPS_reference/wild2dog": 0.447758873924613,
    "LPIPS_reference/cat2wild": 0.3967095445841551,
    "LPIPS_reference/dog2wild": 0.39754597283899784,
    "LPIPS_reference/mean": 0.418742879293859
}