{
    "LPIPS_reference/dog2cat": 0.43153588846325874,
    "LPIPS_reference/wild2cat": 0.4191831573843956,
    "LPIPS_reference/cat2dog": 0.45437875762581825,
    "LPIPS_reference/wild2dog": 0.4540617074817419,
    "LPIPS_reference/cat2wild": 0.43526168167591095,
    "LPIPS_reference/dog2wild": 0.43563183955848217,
    "LPIPS_reference/mean": 0.43834217203160125
}