{
    "LPIPS_reference/dog2cat": 0.4253389220684767,
    "LPIPS_reference/wild2cat": 0.41339837573468685,
    "LPIPS_reference/cat2dog": 0.4528340343385935,
    "LPIPS_reference/wild2dog": 0.44859777577221394,
    "LPIPS_reference/cat2wild": 0.4178231656551361,
    "LPIPS_reference/dog2wild": 0.41553630121052265,
    "LPIPS_reference/mean": 0.4289214291299383
}