{
    "LPIPS_reference/dog2cat": 0.41898917593061924,
    "LPIPS_reference/wild2cat": 0.40224290266633034,
    "LPIPS_reference/cat2dog": 0.4464392066001892,
    "LPIPS_reference/wild2dog": 0.4425538796931505,
    "LPIPS_reference/cat2wild": 0.3949931673705578,
    "LPIPS_reference/dog2wild": 0.3971506804227829,
    "LPIPS_reference/mean": 0.4170615021139384
}