{
    "LPIPS_reference/dog2cat": 0.28815346397459507,
    "LPIPS_reference/wild2cat": 0.28881036676466465,
    "LPIPS_reference/cat2dog": 0.30267312563955784,
    "LPIPS_reference/wild2dog": 0.3059013560414314,
    "LPIPS_reference/cat2wild": 0.20832417160272598,
    "LPIPS_reference/dog2wild": 0.20724467933177948,
    "LPIPS_reference/mean": 0.26685119389245904
}