{
    "LPIPS_reference/dog2cat": 0.4291204120963812,
    "LPIPS_reference/wild2cat": 0.417328555136919,
    "LPIPS_reference/cat2dog": 0.4511823393404484,
    "LPIPS_reference/wild2dog": 0.4523676633834839,
    "LPIPS_reference/cat2wild": 0.43216653540730476,
    "LPIPS_reference/dog2wild": 0.4302371833473444,
    "LPIPS_reference/mean": 0.435400448118647
}