{
    "LPIPS_reference/dog2cat": 0.3987322021275759,
    "LPIPS_reference/wild2cat": 0.39473058469593525,
    "LPIPS_reference/cat2dog": 0.4154465552419424,
    "LPIPS_reference/wild2dog": 0.41365600749850273,
    "LPIPS_reference/cat2wild": 0.35742270573973656,
    "LPIPS_reference/dog2wild": 0.35946841910481453,
    "LPIPS_reference/mean": 0.3899094124014179
}