{
    "LPIPS_latent/dog2cat": 0.4440477602183819,
    "LPIPS_latent/wild2cat": 0.4304503854364157,
    "LPIPS_latent/cat2dog": 0.47832732275128365,
    "LPIPS_latent/wild2dog": 0.4794251937419176,
    "LPIPS_latent/cat2wild": 0.43853682465851307,
    "LPIPS_latent/dog2wild": 0.4454235713928938,
    "LPIPS_latent/mean": 0.4527018430332343
}