{
    "LPIPS_reference/dog2cat": 0.4272148199379444,
    "LPIPS_reference/wild2cat": 0.4138926863670349,
    "LPIPS_reference/cat2dog": 0.4526723623275757,
    "LPIPS_reference/wild2dog": 0.4512623939663172,
    "LPIPS_reference/cat2wild": 0.4191469606012106,
    "LPIPS_reference/dog2wild": 0.4166996721178293,
    "LPIPS_reference/mean": 0.430148149219652
}