{
    "LPIPS_reference/dog2cat": 0.4332806169986725,
    "LPIPS_reference/wild2cat": 0.42448665760457516,
    "LPIPS_reference/cat2dog": 0.46044154837727547,
    "LPIPS_reference/wild2dog": 0.4564781654626131,
    "LPIPS_reference/cat2wild": 0.4416747074574232,
    "LPIPS_reference/dog2wild": 0.4412206932902336,
    "LPIPS_reference/mean": 0.4429303981984656
}