{
    "LPIPS_reference/dog2cat": 0.4381573460996151,
    "LPIPS_reference/wild2cat": 0.42782796174287796,
    "LPIPS_reference/cat2dog": 0.4600582979619503,
    "LPIPS_reference/wild2dog": 0.45511801540851593,
    "LPIPS_reference/cat2wild": 0.43753391318023205,
    "LPIPS_reference/dog2wild": 0.4389956761151552,
    "LPIPS_reference/mean": 0.44294853508472437
}