{
    "LPIPS_reference/dog2cat": 0.41343230940401554,
    "LPIPS_reference/wild2cat": 0.4004836045205593,
    "LPIPS_reference/cat2dog": 0.4421697873622179,
    "LPIPS_reference/wild2dog": 0.44322588853538036,
    "LPIPS_reference/cat2wild": 0.3906956762075424,
    "LPIPS_reference/dog2wild": 0.390747245401144,
    "LPIPS_reference/mean": 0.4134590852384766
}