{
    "LPIPS_reference/dog2cat": 0.41909701749682426,
    "LPIPS_reference/wild2cat": 0.40351805835962296,
    "LPIPS_reference/cat2dog": 0.44944330118596554,
    "LPIPS_reference/wild2dog": 0.4484940469264984,
    "LPIPS_reference/cat2wild": 0.4000190794467926,
    "LPIPS_reference/dog2wild": 0.40004915930330753,
    "LPIPS_reference/mean": 0.42010344378650194
}