{
    "LPIPS_reference/dog2cat": 0.4062568787485361,
    "LPIPS_reference/wild2cat": 0.39673759415745735,
    "LPIPS_reference/cat2dog": 0.43162968941032887,
    "LPIPS_reference/wild2dog": 0.4307062476873398,
    "LPIPS_reference/cat2wild": 0.37979417853057384,
    "LPIPS_reference/dog2wild": 0.38190828263759613,
    "LPIPS_reference/mean": 0.40450547852863866
}