{
    "LPIPS_reference/dog2cat": 0.43305517360568047,
    "LPIPS_reference/wild2cat": 0.4217538870871067,
    "LPIPS_reference/cat2dog": 0.45097506418824196,
    "LPIPS_reference/wild2dog": 0.4524361342191696,
    "LPIPS_reference/cat2wild": 0.43145693838596344,
    "LPIPS_reference/dog2wild": 0.4279136247932911,
    "LPIPS_reference/mean": 0.43626513704657555
}