{
    "LPIPS_reference/dog2cat": 0.41677580028772354,
    "LPIPS_reference/wild2cat": 0.4015571568161249,
    "LPIPS_reference/cat2dog": 0.4557071775197983,
    "LPIPS_reference/wild2dog": 0.453512791544199,
    "LPIPS_reference/cat2wild": 0.40439452044665813,
    "LPIPS_reference/dog2wild": 0.4039931520819664,
    "LPIPS_reference/mean": 0.4226567664494117
}