{
    "LPIPS_reference/dog2cat": 0.390153244137764,
    "LPIPS_reference/wild2cat": 0.3899963106960058,
    "LPIPS_reference/cat2dog": 0.4091050587594509,
    "LPIPS_reference/wild2dog": 0.4081361014395952,
    "LPIPS_reference/cat2wild": 0.32040361873805523,
    "LPIPS_reference/dog2wild": 0.3203978184610605,
    "LPIPS_reference/mean": 0.3730320253719886
}