{
    "LPIPS_reference/dog2cat": 0.4000904969871044,
    "LPIPS_reference/wild2cat": 0.3901498317718506,
    "LPIPS_reference/cat2dog": 0.43004111386835575,
    "LPIPS_reference/wild2dog": 0.42841109447181225,
    "LPIPS_reference/cat2wild": 0.38178094662725925,
    "LPIPS_reference/dog2wild": 0.38355354964733124,
    "LPIPS_reference/mean": 0.4023378388956189
}