{
    "LPIPS_reference/dog2cat": 0.4323101881891489,
    "LPIPS_reference/wild2cat": 0.41920943558216095,
    "LPIPS_reference/cat2dog": 0.4537709094583988,
    "LPIPS_reference/wild2dog": 0.4523273929953575,
    "LPIPS_reference/cat2wild": 0.4322308525443077,
    "LPIPS_reference/dog2wild": 0.4316618237644434,
    "LPIPS_reference/mean": 0.4369184337556362
}