{
    "LPIPS_reference/dog2cat": 0.3372985776513815,
    "LPIPS_reference/wild2cat": 0.34035102650523186,
    "LPIPS_reference/cat2dog": 0.3461813274770975,
    "LPIPS_reference/wild2dog": 0.34958265721797943,
    "LPIPS_reference/cat2wild": 0.22613877896219492,
    "LPIPS_reference/dog2wild": 0.22485248185694218,
    "LPIPS_reference/mean": 0.3040674749451379
}