{
    "LPIPS_reference/dog2cat": 0.4275515601038933,
    "LPIPS_reference/wild2cat": 0.41617460921406746,
    "LPIPS_reference/cat2dog": 0.4526458289474249,
    "LPIPS_reference/wild2dog": 0.4537040702998638,
    "LPIPS_reference/cat2wild": 0.43925268948078156,
    "LPIPS_reference/dog2wild": 0.43626214750111103,
    "LPIPS_reference/mean": 0.43759848425785697
}