{
    "LPIPS_reference/dog2cat": 0.3843721132725477,
    "LPIPS_reference/wild2cat": 0.3839277233928442,
    "LPIPS_reference/cat2dog": 0.3931325916200876,
    "LPIPS_reference/wild2dog": 0.39482298865914345,
    "LPIPS_reference/cat2wild": 0.2963878735899925,
    "LPIPS_reference/dog2wild": 0.29552535712718964,
    "LPIPS_reference/mean": 0.3580281079436342
}