{
    "LPIPS_reference/dog2cat": 0.39963117986917496,
    "LPIPS_reference/wild2cat": 0.391535060480237,
    "LPIPS_reference/cat2dog": 0.42647959291934967,
    "LPIPS_reference/wild2dog": 0.4244988616555929,
    "LPIPS_reference/cat2wild": 0.37214624136686325,
    "LPIPS_reference/dog2wild": 0.37411772832274437,
    "LPIPS_reference/mean": 0.3980681107689937
}