{
    "LPIPS_reference/dog2cat": 0.4178623892366886,
    "LPIPS_reference/wild2cat": 0.40333303436636925,
    "LPIPS_reference/cat2dog": 0.44818051531910896,
    "LPIPS_reference/wild2dog": 0.44712758250534534,
    "LPIPS_reference/cat2wild": 0.395193126052618,
    "LPIPS_reference/dog2wild": 0.3978917710483074,
    "LPIPS_reference/mean": 0.41826473642140627
}