{
    "LPIPS_reference/dog2cat": 0.43009144626557827,
    "LPIPS_reference/wild2cat": 0.4200523719191551,
    "LPIPS_reference/cat2dog": 0.45681064017117023,
    "LPIPS_reference/wild2dog": 0.4556575957685709,
    "LPIPS_reference/cat2wild": 0.44203817285597324,
    "LPIPS_reference/dog2wild": 0.43922435492277145,
    "LPIPS_reference/mean": 0.4406457636505365
}