{
    "LPIPS_latent/dog2cat": 0.4413452446460724,
    "LPIPS_latent/wild2cat": 0.4274734202772379,
    "LPIPS_latent/cat2dog": 0.4757106378674507,
    "LPIPS_latent/wild2dog": 0.4780502784997225,
    "LPIPS_latent/cat2wild": 0.4376833289861679,
    "LPIPS_latent/dog2wild": 0.4449591301381588,
    "LPIPS_latent/mean": 0.45087034006913507
}