{
    "LPIPS_reference/dog2cat": 0.3598188981413841,
    "LPIPS_reference/wild2cat": 0.363722724840045,
    "LPIPS_reference/cat2dog": 0.36378579027950764,
    "LPIPS_reference/wild2dog": 0.3664821498095989,
    "LPIPS_reference/cat2wild": 0.2479592151939869,
    "LPIPS_reference/dog2wild": 0.24749143794178963,
    "LPIPS_reference/mean": 0.32487670270105207
}