{
    "LPIPS_reference/dog2cat": 0.3983263373374939,
    "LPIPS_reference/wild2cat": 0.3899132739752531,
    "LPIPS_reference/cat2dog": 0.43101164512336254,
    "LPIPS_reference/wild2dog": 0.43161452002823353,
    "LPIPS_reference/cat2wild": 0.38683306239545345,
    "LPIPS_reference/dog2wild": 0.38779890164732933,
    "LPIPS_reference/mean": 0.4042496234178543
}