{
    "LPIPS_reference/dog2cat": 0.4298363644629717,
    "LPIPS_reference/wild2cat": 0.42049889639019966,
    "LPIPS_reference/cat2dog": 0.45687984488904476,
    "LPIPS_reference/wild2dog": 0.45369235798716545,
    "LPIPS_reference/cat2wild": 0.44276326708495617,
    "LPIPS_reference/dog2wild": 0.4396050050854683,
    "LPIPS_reference/mean": 0.44054595598330104
}