{
    "LPIPS_reference/dog2cat": 0.43249221704900265,
    "LPIPS_reference/wild2cat": 0.4226105958223343,
    "LPIPS_reference/cat2dog": 0.46151161938905716,
    "LPIPS_reference/wild2dog": 0.4586452879011631,
    "LPIPS_reference/cat2wild": 0.44154094718396664,
    "LPIPS_reference/dog2wild": 0.44318787194788456,
    "LPIPS_reference/mean": 0.443331423215568
}