{
    "LPIPS_reference/dog2cat": 0.2583891162648797,
    "LPIPS_reference/wild2cat": 0.26178878266364336,
    "LPIPS_reference/cat2dog": 0.27130360156297684,
    "LPIPS_reference/wild2dog": 0.2733041774481535,
    "LPIPS_reference/cat2wild": 0.19323967769742012,
    "LPIPS_reference/dog2wild": 0.18997837509959936,
    "LPIPS_reference/mean": 0.2413339551227788
}