{
    "LPIPS_reference/dog2cat": 0.05062484904192388,
    "LPIPS_reference/wild2cat": 0.05077934009023011,
    "LPIPS_reference/cat2dog": 0.04553294670768082,
    "LPIPS_reference/wild2dog": 0.04585279803723097,
    "LPIPS_reference/cat2wild": 0.030879676342010498,
    "LPIPS_reference/dog2wild": 0.030945341219194233,
    "LPIPS_reference/mean": 0.042435825239711754
}