{
    "LPIPS_reference/dog2cat": 0.37852540984749794,
    "LPIPS_reference/wild2cat": 0.380475677549839,
    "LPIPS_reference/cat2dog": 0.3905154373496771,
    "LPIPS_reference/wild2dog": 0.3953785337507725,
    "LPIPS_reference/cat2wild": 0.2889119051396847,
    "LPIPS_reference/dog2wild": 0.28847913816571236,
    "LPIPS_reference/mean": 0.3537143503005306
}