{
    "LPIPS_reference/dog2cat": 0.411483334377408,
    "LPIPS_reference/wild2cat": 0.4007892943918705,
    "LPIPS_reference/cat2dog": 0.436385877430439,
    "LPIPS_reference/wild2dog": 0.4358422886580229,
    "LPIPS_reference/cat2wild": 0.384777856990695,
    "LPIPS_reference/dog2wild": 0.38614670000970364,
    "LPIPS_reference/mean": 0.40923755864302325
}