{
    "LPIPS_latent/dog2cat": 0.43924897350370884,
    "LPIPS_latent/wild2cat": 0.42920115403831005,
    "LPIPS_latent/cat2dog": 0.4720370043069124,
    "LPIPS_latent/wild2dog": 0.47135639004409313,
    "LPIPS_latent/cat2wild": 0.422603877261281,
    "LPIPS_latent/dog2wild": 0.4259811341762543,
    "LPIPS_latent/mean": 0.4434047555550933
}