{
    "LPIPS_latent/dog2cat": 0.44980786368250847,
    "LPIPS_latent/wild2cat": 0.4341167788952589,
    "LPIPS_latent/cat2dog": 0.48583035729825497,
    "LPIPS_latent/wild2dog": 0.4844276253134012,
    "LPIPS_latent/cat2wild": 0.44897625409066677,
    "LPIPS_latent/dog2wild": 0.44950682669878006,
    "LPIPS_latent/mean": 0.45877761766314507
}