{
    "LPIPS_reference/dog2cat": 0.3994213845580816,
    "LPIPS_reference/wild2cat": 0.3896052185446024,
    "LPIPS_reference/cat2dog": 0.427269633859396,
    "LPIPS_reference/wild2dog": 0.4257516749203205,
    "LPIPS_reference/cat2wild": 0.371825460344553,
    "LPIPS_reference/dog2wild": 0.3737463504076004,
    "LPIPS_reference/mean": 0.39793662043909234
}