{
    "LPIPS_reference/dog2cat": 0.42464560829102993,
    "LPIPS_reference/wild2cat": 0.41253696382045746,
    "LPIPS_reference/cat2dog": 0.4496947955340147,
    "LPIPS_reference/wild2dog": 0.44802479818463326,
    "LPIPS_reference/cat2wild": 0.4179077446460724,
    "LPIPS_reference/dog2wild": 0.4173320885747671,
    "LPIPS_reference/mean": 0.4283569998418291
}