{
    "LPIPS_latent/dog2cat": 0.453799644485116,
    "LPIPS_latent/wild2cat": 0.44249482080340385,
    "LPIPS_latent/cat2dog": 0.47662047296762466,
    "LPIPS_latent/wild2dog": 0.4759538099169731,
    "LPIPS_latent/cat2wild": 0.4306494127959013,
    "LPIPS_latent/dog2wild": 0.4342321380972862,
    "LPIPS_latent/mean": 0.4522917165110509
}