{
    "LPIPS_reference/dog2cat": 0.41548312455415726,
    "LPIPS_reference/wild2cat": 0.40131920762360096,
    "LPIPS_reference/cat2dog": 0.44520995020866394,
    "LPIPS_reference/wild2dog": 0.4441405739635229,
    "LPIPS_reference/cat2wild": 0.39524213783442974,
    "LPIPS_reference/dog2wild": 0.39767435006797314,
    "LPIPS_reference/mean": 0.41651155737539136
}