{
    "LPIPS_reference/dog2cat": 0.4030964430421591,
    "LPIPS_reference/wild2cat": 0.39329471811652184,
    "LPIPS_reference/cat2dog": 0.4255360197275877,
    "LPIPS_reference/wild2dog": 0.4258852954953909,
    "LPIPS_reference/cat2wild": 0.3711375445127487,
    "LPIPS_reference/dog2wild": 0.372146425768733,
    "LPIPS_reference/mean": 0.3985160744438569
}