{
    "LPIPS_reference/dog2cat": 0.43191847763955593,
    "LPIPS_reference/wild2cat": 0.4184062797576189,
    "LPIPS_reference/cat2dog": 0.45528084971010685,
    "LPIPS_reference/wild2dog": 0.4546922482550144,
    "LPIPS_reference/cat2wild": 0.434277081862092,
    "LPIPS_reference/dog2wild": 0.43307509273290634,
    "LPIPS_reference/mean": 0.43794167165954906
}