{
    "LPIPS_reference/dog2cat": 0.41771921142935753,
    "LPIPS_reference/wild2cat": 0.40565927140414715,
    "LPIPS_reference/cat2dog": 0.44186712242662907,
    "LPIPS_reference/wild2dog": 0.44270395673811436,
    "LPIPS_reference/cat2wild": 0.39593518525362015,
    "LPIPS_reference/dog2wild": 0.3956269361078739,
    "LPIPS_reference/mean": 0.416585280559957
}