{
    "LPIPS_reference/dog2cat": 0.4118761159479618,
    "LPIPS_reference/wild2cat": 0.4008730761706829,
    "LPIPS_reference/cat2dog": 0.4356202185153961,
    "LPIPS_reference/wild2dog": 0.4362720362842083,
    "LPIPS_reference/cat2wild": 0.38214015401899815,
    "LPIPS_reference/dog2wild": 0.38224484398961067,
    "LPIPS_reference/mean": 0.4081710741544763
}