{
    "LPIPS_reference/dog2cat": 0.3990203943103552,
    "LPIPS_reference/wild2cat": 0.396574592217803,
    "LPIPS_reference/cat2dog": 0.4142067041248083,
    "LPIPS_reference/wild2dog": 0.4137317333370447,
    "LPIPS_reference/cat2wild": 0.354205597192049,
    "LPIPS_reference/dog2wild": 0.35296474397182465,
    "LPIPS_reference/mean": 0.3884506275256475
}