{
    "LPIPS_reference/dog2cat": 0.4194056820124388,
    "LPIPS_reference/wild2cat": 0.40627652034163475,
    "LPIPS_reference/cat2dog": 0.457840871065855,
    "LPIPS_reference/wild2dog": 0.4533685836941004,
    "LPIPS_reference/cat2wild": 0.4096415117383003,
    "LPIPS_reference/dog2wild": 0.4107223656028509,
    "LPIPS_reference/mean": 0.42620925574253
}