{
    "LPIPS_reference/dog2cat": 0.4046072643250227,
    "LPIPS_reference/wild2cat": 0.394164951518178,
    "LPIPS_reference/cat2dog": 0.4304471183568239,
    "LPIPS_reference/wild2dog": 0.4299124497920275,
    "LPIPS_reference/cat2wild": 0.38344437442719936,
    "LPIPS_reference/dog2wild": 0.38419163413345814,
    "LPIPS_reference/mean": 0.40446129875878495
}