{
    "LPIPS_reference/dog2cat": 0.41118224523961544,
    "LPIPS_reference/wild2cat": 0.39984638802707195,
    "LPIPS_reference/cat2dog": 0.4375379793345928,
    "LPIPS_reference/wild2dog": 0.43992721661925316,
    "LPIPS_reference/cat2wild": 0.38951086439192295,
    "LPIPS_reference/dog2wild": 0.3905057739466429,
    "LPIPS_reference/mean": 0.4114184112598498
}