{
    "LPIPS_reference/dog2cat": 0.4168040622025728,
    "LPIPS_reference/wild2cat": 0.40326715260744095,
    "LPIPS_reference/cat2dog": 0.44010505452752113,
    "LPIPS_reference/wild2dog": 0.4409801121801138,
    "LPIPS_reference/cat2wild": 0.3960064332932234,
    "LPIPS_reference/dog2wild": 0.3963927812874317,
    "LPIPS_reference/mean": 0.41559259934971726
}