{
    "LPIPS_latent/dog2cat": 0.4552162326872349,
    "LPIPS_latent/wild2cat": 0.44322340190410614,
    "LPIPS_latent/cat2dog": 0.47684372030198574,
    "LPIPS_latent/wild2dog": 0.48012565821409225,
    "LPIPS_latent/cat2wild": 0.4332083724439144,
    "LPIPS_latent/dog2wild": 0.43332118168473244,
    "LPIPS_latent/mean": 0.4536564278726776
}