{
    "LPIPS_reference/dog2cat": 0.4278016034513712,
    "LPIPS_reference/wild2cat": 0.414977865293622,
    "LPIPS_reference/cat2dog": 0.453472089022398,
    "LPIPS_reference/wild2dog": 0.4526556748896837,
    "LPIPS_reference/cat2wild": 0.420882361009717,
    "LPIPS_reference/dog2wild": 0.41847449727356434,
    "LPIPS_reference/mean": 0.4313773484900593
}