{
    "LPIPS_reference/dog2cat": 0.4168764129281044,
    "LPIPS_reference/wild2cat": 0.4032970443367958,
    "LPIPS_reference/cat2dog": 0.4429170582443476,
    "LPIPS_reference/wild2dog": 0.44271874614059925,
    "LPIPS_reference/cat2wild": 0.3972072135657072,
    "LPIPS_reference/dog2wild": 0.3998430147767067,
    "LPIPS_reference/mean": 0.4171432483320435
}