{
    "LPIPS_latent/dog2cat": 0.4686653781682253,
    "LPIPS_latent/wild2cat": 0.45853525772690773,
    "LPIPS_latent/cat2dog": 0.48908646777272224,
    "LPIPS_latent/wild2dog": 0.4859970062971115,
    "LPIPS_latent/cat2wild": 0.4727927576750517,
    "LPIPS_latent/dog2wild": 0.47116320580244064,
    "LPIPS_latent/mean": 0.4743733455737432
}