{
    "LPIPS_latent/dog2cat": 0.45996249839663506,
    "LPIPS_latent/wild2cat": 0.4465257003903389,
    "LPIPS_latent/cat2dog": 0.48092311806976795,
    "LPIPS_latent/wild2dog": 0.48236519284546375,
    "LPIPS_latent/cat2wild": 0.44619798101484776,
    "LPIPS_latent/dog2wild": 0.4456598088145256,
    "LPIPS_latent/mean": 0.46027238325526315
}