{
    "LPIPS_reference/dog2cat": 0.4010950718075037,
    "LPIPS_reference/wild2cat": 0.39575312472879887,
    "LPIPS_reference/cat2dog": 0.4198608547449112,
    "LPIPS_reference/wild2dog": 0.4160215016454458,
    "LPIPS_reference/cat2wild": 0.3635963015258312,
    "LPIPS_reference/dog2wild": 0.3626919388771057,
    "LPIPS_reference/mean": 0.39316979888826614
}