{
    "LPIPS_reference/dog2cat": 5.85127697831922e-05,
    "LPIPS_reference/wild2cat": 5.824343861604575e-05,
    "LPIPS_reference/cat2dog": 6.699692539768876e-05,
    "LPIPS_reference/wild2dog": 6.832608914919547e-05,
    "LPIPS_reference/cat2wild": 3.613586022765958e-05,
    "LPIPS_reference/dog2wild": 3.6938933590136e-05,
    "LPIPS_reference/mean": 5.419233612731962e-05
}