{
    "LPIPS_reference/dog2cat": 0.3167744632810354,
    "LPIPS_reference/wild2cat": 0.31742377392947674,
    "LPIPS_reference/cat2dog": 0.3268911261111498,
    "LPIPS_reference/wild2dog": 0.3309738654643297,
    "LPIPS_reference/cat2wild": 0.21717417892068624,
    "LPIPS_reference/dog2wild": 0.21618903242051601,
    "LPIPS_reference/mean": 0.2875710733545323
}