{
    "LPIPS_reference/dog2cat": 0.3859478738158941,
    "LPIPS_reference/wild2cat": 0.3862677700817585,
    "LPIPS_reference/cat2dog": 0.40313310362398624,
    "LPIPS_reference/wild2dog": 0.40384240821003914,
    "LPIPS_reference/cat2wild": 0.3127307053655386,
    "LPIPS_reference/dog2wild": 0.31374889612197876,
    "LPIPS_reference/mean": 0.3676117928698659
}