{
    "LPIPS_latent/dog2cat": 0.45472972840070724,
    "LPIPS_latent/wild2cat": 0.44108493998646736,
    "LPIPS_latent/cat2dog": 0.478489613160491,
    "LPIPS_latent/wild2dog": 0.47925558872520924,
    "LPIPS_latent/cat2wild": 0.43575362861156464,
    "LPIPS_latent/dog2wild": 0.4382788669317961,
    "LPIPS_latent/mean": 0.4545987276360392
}