{
    "LPIPS_reference/dog2cat": 0.3744479138404131,
    "LPIPS_reference/wild2cat": 0.37457779608666897,
    "LPIPS_reference/cat2dog": 0.3816143721342087,
    "LPIPS_reference/wild2dog": 0.3831800613552332,
    "LPIPS_reference/cat2wild": 0.27605296298861504,
    "LPIPS_reference/dog2wild": 0.2745219748467207,
    "LPIPS_reference/mean": 0.34406584687530994
}