{
    "LPIPS_reference/dog2cat": 0.3662824500352144,
    "LPIPS_reference/wild2cat": 0.37022571824491024,
    "LPIPS_reference/cat2dog": 0.37198707461357117,
    "LPIPS_reference/wild2dog": 0.37682487629354,
    "LPIPS_reference/cat2wild": 0.2622170690447092,
    "LPIPS_reference/dog2wild": 0.2620661873370409,
    "LPIPS_reference/mean": 0.3349338959281643
}